
---------------------------------------------------
--   END DATA FOR TABLE BNSATE10_PER_PERMISOS
---------------------------------------------------


---------------------------------------------------
--   DATA FOR TABLE BNSATE11_ROLES
--   FILTER = none used
---------------------------------------------------
REM INSERTING into BN_SATE.BNSATE11_ROLES
Insert into BN_SATE.BNSATE11_ROLES (B11_ID_ROL,B11_DESCRIPCION,B11_ESTADO) values (0,'NUEVO','A');
Insert into BN_SATE.BNSATE11_ROLES (B11_ID_ROL,B11_DESCRIPCION,B11_ESTADO) values (1,'REPRESENTANTE','A');
Insert into BN_SATE.BNSATE11_ROLES (B11_ID_ROL,B11_DESCRIPCION,B11_ESTADO) values (2,'SOLICITADOR','A');
Insert into BN_SATE.BNSATE11_ROLES (B11_ID_ROL,B11_DESCRIPCION,B11_ESTADO) values (3,'AUTORIZADOR','A');
Insert into BN_SATE.BNSATE11_ROLES (B11_ID_ROL,B11_DESCRIPCION,B11_ESTADO) values (4,'APOYO','A');

---------------------------------------------------
--   END DATA FOR TABLE BNSATE11_ROLES
---------------------------------------------------




---------------------------------------------------
--   DATA FOR TABLE BNSATE16_PARAMETRO
--   FILTER = none used
---------------------------------------------------
REM INSERTING into BN_SATE.BNSATE16_PARAMETRO
Insert into BN_SATE.BNSATE16_PARAMETRO (B16_ID_TABLA,B16_ID_REGISTRO,B16_VALOR) values ('0','0','TIPO DE VIA');
Insert into BN_SATE.BNSATE16_PARAMETRO (B16_ID_TABLA,B16_ID_REGISTRO,B16_VALOR) values ('0','1','AV');
Insert into BN_SATE.BNSATE16_PARAMETRO (B16_ID_TABLA,B16_ID_REGISTRO,B16_VALOR) values ('0','2','ESQ');
Insert into BN_SATE.BNSATE16_PARAMETRO (B16_ID_TABLA,B16_ID_REGISTRO,B16_VALOR) values ('0','3','JR');
Insert into BN_SATE.BNSATE16_PARAMETRO (B16_ID_TABLA,B16_ID_REGISTRO,B16_VALOR) values ('0','4','CA');
Insert into BN_SATE.BNSATE16_PARAMETRO (B16_ID_TABLA,B16_ID_REGISTRO,B16_VALOR) values ('0','5','CALLE');
Insert into BN_SATE.BNSATE16_PARAMETRO (B16_ID_TABLA,B16_ID_REGISTRO,B16_VALOR) values ('0','6','URB');
Insert into BN_SATE.BNSATE16_PARAMETRO (B16_ID_TABLA,B16_ID_REGISTRO,B16_VALOR) values ('13','1','S/N');
Insert into BN_SATE.BNSATE16_PARAMETRO (B16_ID_TABLA,B16_ID_REGISTRO,B16_VALOR) values ('0','8','PLAZA');
Insert into BN_SATE.BNSATE16_PARAMETRO (B16_ID_TABLA,B16_ID_REGISTRO,B16_VALOR) values ('0','9','PSJ');
Insert into BN_SATE.BNSATE16_PARAMETRO (B16_ID_TABLA,B16_ID_REGISTRO,B16_VALOR) values ('0','10','CENTR');
Insert into BN_SATE.BNSATE16_PARAMETRO (B16_ID_TABLA,B16_ID_REGISTRO,B16_VALOR) values ('0','11','URBA');
Insert into BN_SATE.BNSATE16_PARAMETRO (B16_ID_TABLA,B16_ID_REGISTRO,B16_VALOR) values ('0','12','AGR');
Insert into BN_SATE.BNSATE16_PARAMETRO (B16_ID_TABLA,B16_ID_REGISTRO,B16_VALOR) values ('0','13','JIRON');
Insert into BN_SATE.BNSATE16_PARAMETRO (B16_ID_TABLA,B16_ID_REGISTRO,B16_VALOR) values ('2','0','NUMERO DE VIA');
Insert into BN_SATE.BNSATE16_PARAMETRO (B16_ID_TABLA,B16_ID_REGISTRO,B16_VALOR) values ('2','1','NRO');
Insert into BN_SATE.BNSATE16_PARAMETRO (B16_ID_TABLA,B16_ID_REGISTRO,B16_VALOR) values ('2','2','N°');
Insert into BN_SATE.BNSATE16_PARAMETRO (B16_ID_TABLA,B16_ID_REGISTRO,B16_VALOR) values ('2','3','NO');
Insert into BN_SATE.BNSATE16_PARAMETRO (B16_ID_TABLA,B16_ID_REGISTRO,B16_VALOR) values ('2','4','N0');
Insert into BN_SATE.BNSATE16_PARAMETRO (B16_ID_TABLA,B16_ID_REGISTRO,B16_VALOR) values ('2','5','N/O');
Insert into BN_SATE.BNSATE16_PARAMETRO (B16_ID_TABLA,B16_ID_REGISTRO,B16_VALOR) values ('3','0','DEPARTAMENTO');
Insert into BN_SATE.BNSATE16_PARAMETRO (B16_ID_TABLA,B16_ID_REGISTRO,B16_VALOR) values ('3','1','DEPTO');
Insert into BN_SATE.BNSATE16_PARAMETRO (B16_ID_TABLA,B16_ID_REGISTRO,B16_VALOR) values ('3','2','DPTO');
Insert into BN_SATE.BNSATE16_PARAMETRO (B16_ID_TABLA,B16_ID_REGISTRO,B16_VALOR) values ('5','0','PISO');
Insert into BN_SATE.BNSATE16_PARAMETRO (B16_ID_TABLA,B16_ID_REGISTRO,B16_VALOR) values ('5','1','PISO');
Insert into BN_SATE.BNSATE16_PARAMETRO (B16_ID_TABLA,B16_ID_REGISTRO,B16_VALOR) values ('6','0','MANZANA');
Insert into BN_SATE.BNSATE16_PARAMETRO (B16_ID_TABLA,B16_ID_REGISTRO,B16_VALOR) values ('6','1','MZ');
Insert into BN_SATE.BNSATE16_PARAMETRO (B16_ID_TABLA,B16_ID_REGISTRO,B16_VALOR) values ('7','0','LOTE');
Insert into BN_SATE.BNSATE16_PARAMETRO (B16_ID_TABLA,B16_ID_REGISTRO,B16_VALOR) values ('7','1','LOTE');
Insert into BN_SATE.BNSATE16_PARAMETRO (B16_ID_TABLA,B16_ID_REGISTRO,B16_VALOR) values ('7','2','L');
Insert into BN_SATE.BNSATE16_PARAMETRO (B16_ID_TABLA,B16_ID_REGISTRO,B16_VALOR) values ('7','3','LT');
Insert into BN_SATE.BNSATE16_PARAMETRO (B16_ID_TABLA,B16_ID_REGISTRO,B16_VALOR) values ('8','0','INTERIOR');
Insert into BN_SATE.BNSATE16_PARAMETRO (B16_ID_TABLA,B16_ID_REGISTRO,B16_VALOR) values ('8','1','INT');
Insert into BN_SATE.BNSATE16_PARAMETRO (B16_ID_TABLA,B16_ID_REGISTRO,B16_VALOR) values ('8','2','INTERIOR');
Insert into BN_SATE.BNSATE16_PARAMETRO (B16_ID_TABLA,B16_ID_REGISTRO,B16_VALOR) values ('9','0','SECTOR');
Insert into BN_SATE.BNSATE16_PARAMETRO (B16_ID_TABLA,B16_ID_REGISTRO,B16_VALOR) values ('9','1','SECT');
Insert into BN_SATE.BNSATE16_PARAMETRO (B16_ID_TABLA,B16_ID_REGISTRO,B16_VALOR) values ('9','2','SECTOR');
Insert into BN_SATE.BNSATE16_PARAMETRO (B16_ID_TABLA,B16_ID_REGISTRO,B16_VALOR) values ('10','0','KILOMETRO');
Insert into BN_SATE.BNSATE16_PARAMETRO (B16_ID_TABLA,B16_ID_REGISTRO,B16_VALOR) values ('10','1','KM');
Insert into BN_SATE.BNSATE16_PARAMETRO (B16_ID_TABLA,B16_ID_REGISTRO,B16_VALOR) values ('10','2','Km');
Insert into BN_SATE.BNSATE16_PARAMETRO (B16_ID_TABLA,B16_ID_REGISTRO,B16_VALOR) values ('11','0','TIPO DE ZONA');
Insert into BN_SATE.BNSATE16_PARAMETRO (B16_ID_TABLA,B16_ID_REGISTRO,B16_VALOR) values ('11','1','URB');
Insert into BN_SATE.BNSATE16_PARAMETRO (B16_ID_TABLA,B16_ID_REGISTRO,B16_VALOR) values ('11','2','URBANIZACION');
Insert into BN_SATE.BNSATE16_PARAMETRO (B16_ID_TABLA,B16_ID_REGISTRO,B16_VALOR) values ('11','3','CALLE');
Insert into BN_SATE.BNSATE16_PARAMETRO (B16_ID_TABLA,B16_ID_REGISTRO,B16_VALOR) values ('11','4','PLZ');
Insert into BN_SATE.BNSATE16_PARAMETRO (B16_ID_TABLA,B16_ID_REGISTRO,B16_VALOR) values ('11','5','AV');
Insert into BN_SATE.BNSATE16_PARAMETRO (B16_ID_TABLA,B16_ID_REGISTRO,B16_VALOR) values ('11','6','CDRA');
Insert into BN_SATE.BNSATE16_PARAMETRO (B16_ID_TABLA,B16_ID_REGISTRO,B16_VALOR) values ('11','7','GRAL');
Insert into BN_SATE.BNSATE16_PARAMETRO (B16_ID_TABLA,B16_ID_REGISTRO,B16_VALOR) values ('11','8','LOCAL');
Insert into BN_SATE.BNSATE16_PARAMETRO (B16_ID_TABLA,B16_ID_REGISTRO,B16_VALOR) values ('11','9','CA');
Insert into BN_SATE.BNSATE16_PARAMETRO (B16_ID_TABLA,B16_ID_REGISTRO,B16_VALOR) values ('11','10','PLAZA');
Insert into BN_SATE.BNSATE16_PARAMETRO (B16_ID_TABLA,B16_ID_REGISTRO,B16_VALOR) values ('11','11','CUADRA');
Insert into BN_SATE.BNSATE16_PARAMETRO (B16_ID_TABLA,B16_ID_REGISTRO,B16_VALOR) values ('11','12','JR');
Insert into BN_SATE.BNSATE16_PARAMETRO (B16_ID_TABLA,B16_ID_REGISTRO,B16_VALOR) values ('13','0','SIN NUMERO');
Insert into BN_SATE.BNSATE16_PARAMETRO (B16_ID_TABLA,B16_ID_REGISTRO,B16_VALOR) values ('14','0','URL SATE OPE');
Insert into BN_SATE.BNSATE16_PARAMETRO (B16_ID_TABLA,B16_ID_REGISTRO,B16_VALOR) values ('14','1','https://desarrollo.bn.com.pe/');

---------------------------------------------------
--   END DATA FOR TABLE BNSATE16_PARAMETRO
---------------------------------------------------

---------------------------------------------------
--   DATA FOR TABLE BNSATE10_PER_PERMISOS
--   FILTER = none used
---------------------------------------------------
REM INSERTING into BN_SATE.BNSATE10_PER_PERMISOS
Insert into BN_SATE.BNSATE10_PER_PERMISOS (B10_ID_PER,B11_ID_ROL,B10_COD_FUNCIONALIDAD,B10_DESCRIPCION) values (68,1,'14S','ACTUALIZAR DATOS DE USUARIO');
Insert into BN_SATE.BNSATE10_PER_PERMISOS (B10_ID_PER,B11_ID_ROL,B10_COD_FUNCIONALIDAD,B10_DESCRIPCION) values (69,2,'14S','ACTUALIZAR DATOS DE USUARIO');
Insert into BN_SATE.BNSATE10_PER_PERMISOS (B10_ID_PER,B11_ID_ROL,B10_COD_FUNCIONALIDAD,B10_DESCRIPCION) values (70,3,'14S','ACTUALIZAR DATOS DE USUARIO');
Insert into BN_SATE.BNSATE10_PER_PERMISOS (B10_ID_PER,B11_ID_ROL,B10_COD_FUNCIONALIDAD,B10_DESCRIPCION) values (71,4,'14S','ACTUALIZAR DATOS DE USUARIO');
Insert into BN_SATE.BNSATE10_PER_PERMISOS (B10_ID_PER,B11_ID_ROL,B10_COD_FUNCIONALIDAD,B10_DESCRIPCION) values (53,0,'01N','ACCESO OPERACIONES');
Insert into BN_SATE.BNSATE10_PER_PERMISOS (B10_ID_PER,B11_ID_ROL,B10_COD_FUNCIONALIDAD,B10_DESCRIPCION) values (54,0,'02N','SOLICITAR TARJETA');
Insert into BN_SATE.BNSATE10_PER_PERMISOS (B10_ID_PER,B11_ID_ROL,B10_COD_FUNCIONALIDAD,B10_DESCRIPCION) values (55,0,'03N','CAMBIAR ESTADO TARJETA');
Insert into BN_SATE.BNSATE10_PER_PERMISOS (B10_ID_PER,B11_ID_ROL,B10_COD_FUNCIONALIDAD,B10_DESCRIPCION) values (56,0,'04N','BUSCAR TARJETA');
Insert into BN_SATE.BNSATE10_PER_PERMISOS (B10_ID_PER,B11_ID_ROL,B10_COD_FUNCIONALIDAD,B10_DESCRIPCION) values (57,0,'05N','AUTORIZAR TARJETA');
Insert into BN_SATE.BNSATE10_PER_PERMISOS (B10_ID_PER,B11_ID_ROL,B10_COD_FUNCIONALIDAD,B10_DESCRIPCION) values (58,0,'06N','ACCESO CONSULTA');
Insert into BN_SATE.BNSATE10_PER_PERMISOS (B10_ID_PER,B11_ID_ROL,B10_COD_FUNCIONALIDAD,B10_DESCRIPCION) values (59,0,'07N','MOVIMIENTOS DE TARJETA');
Insert into BN_SATE.BNSATE10_PER_PERMISOS (B10_ID_PER,B11_ID_ROL,B10_COD_FUNCIONALIDAD,B10_DESCRIPCION) values (60,0,'08N','RENDICION DE CUENTAS POR TARJETA');
Insert into BN_SATE.BNSATE10_PER_PERMISOS (B10_ID_PER,B11_ID_ROL,B10_COD_FUNCIONALIDAD,B10_DESCRIPCION) values (61,0,'09N','ACCESO REPORTE');
Insert into BN_SATE.BNSATE10_PER_PERMISOS (B10_ID_PER,B11_ID_ROL,B10_COD_FUNCIONALIDAD,B10_DESCRIPCION) values (62,0,'10N','REPORTE_TARJETA');
Insert into BN_SATE.BNSATE10_PER_PERMISOS (B10_ID_PER,B11_ID_ROL,B10_COD_FUNCIONALIDAD,B10_DESCRIPCION) values (63,0,'11S','ACCESO CUENTAS');
Insert into BN_SATE.BNSATE10_PER_PERMISOS (B10_ID_PER,B11_ID_ROL,B10_COD_FUNCIONALIDAD,B10_DESCRIPCION) values (64,0,'12N','CREACION DE USUARIOS Y PERFILES');
Insert into BN_SATE.BNSATE10_PER_PERMISOS (B10_ID_PER,B11_ID_ROL,B10_COD_FUNCIONALIDAD,B10_DESCRIPCION) values (65,0,'13N','MODIFICACION DE PERFILES');
Insert into BN_SATE.BNSATE10_PER_PERMISOS (B10_ID_PER,B11_ID_ROL,B10_COD_FUNCIONALIDAD,B10_DESCRIPCION) values (66,0,'14S','ACTUALIZAR DATOS DE USUARIO');
Insert into BN_SATE.BNSATE10_PER_PERMISOS (B10_ID_PER,B11_ID_ROL,B10_COD_FUNCIONALIDAD,B10_DESCRIPCION) values (1,1,'01S','ACCESO OPERACIONES');
Insert into BN_SATE.BNSATE10_PER_PERMISOS (B10_ID_PER,B11_ID_ROL,B10_COD_FUNCIONALIDAD,B10_DESCRIPCION) values (2,1,'02S','SOLICITAR TARJETA');
Insert into BN_SATE.BNSATE10_PER_PERMISOS (B10_ID_PER,B11_ID_ROL,B10_COD_FUNCIONALIDAD,B10_DESCRIPCION) values (3,1,'03S','CAMBIAR ESTADO TARJETA');
Insert into BN_SATE.BNSATE10_PER_PERMISOS (B10_ID_PER,B11_ID_ROL,B10_COD_FUNCIONALIDAD,B10_DESCRIPCION) values (4,1,'04S','BUSCAR TARJETA');
Insert into BN_SATE.BNSATE10_PER_PERMISOS (B10_ID_PER,B11_ID_ROL,B10_COD_FUNCIONALIDAD,B10_DESCRIPCION) values (5,1,'05S','AUTORIZAR TARJETA');
Insert into BN_SATE.BNSATE10_PER_PERMISOS (B10_ID_PER,B11_ID_ROL,B10_COD_FUNCIONALIDAD,B10_DESCRIPCION) values (6,1,'06S','ACCESO CONSULTA');
Insert into BN_SATE.BNSATE10_PER_PERMISOS (B10_ID_PER,B11_ID_ROL,B10_COD_FUNCIONALIDAD,B10_DESCRIPCION) values (7,1,'07S','MOVIMIENTOS DE TARJETA');
Insert into BN_SATE.BNSATE10_PER_PERMISOS (B10_ID_PER,B11_ID_ROL,B10_COD_FUNCIONALIDAD,B10_DESCRIPCION) values (8,1,'08S','RENDICION DE CUENTAS POR TARJETA');
Insert into BN_SATE.BNSATE10_PER_PERMISOS (B10_ID_PER,B11_ID_ROL,B10_COD_FUNCIONALIDAD,B10_DESCRIPCION) values (9,1,'09S','ACCESO REPORTE');
Insert into BN_SATE.BNSATE10_PER_PERMISOS (B10_ID_PER,B11_ID_ROL,B10_COD_FUNCIONALIDAD,B10_DESCRIPCION) values (10,1,'10S','REPORTE_TARJETA');
Insert into BN_SATE.BNSATE10_PER_PERMISOS (B10_ID_PER,B11_ID_ROL,B10_COD_FUNCIONALIDAD,B10_DESCRIPCION) values (11,1,'11S','ACCESO CUENTAS');
Insert into BN_SATE.BNSATE10_PER_PERMISOS (B10_ID_PER,B11_ID_ROL,B10_COD_FUNCIONALIDAD,B10_DESCRIPCION) values (12,1,'12S','CREACION DE USUARIOS Y PERFILES');
Insert into BN_SATE.BNSATE10_PER_PERMISOS (B10_ID_PER,B11_ID_ROL,B10_COD_FUNCIONALIDAD,B10_DESCRIPCION) values (13,1,'13S','MODIFICACION DE PERFILES');
Insert into BN_SATE.BNSATE10_PER_PERMISOS (B10_ID_PER,B11_ID_ROL,B10_COD_FUNCIONALIDAD,B10_DESCRIPCION) values (14,2,'01S','ACCESO OPERACIONES');
Insert into BN_SATE.BNSATE10_PER_PERMISOS (B10_ID_PER,B11_ID_ROL,B10_COD_FUNCIONALIDAD,B10_DESCRIPCION) values (15,2,'02S','SOLICITAR TARJETA');
Insert into BN_SATE.BNSATE10_PER_PERMISOS (B10_ID_PER,B11_ID_ROL,B10_COD_FUNCIONALIDAD,B10_DESCRIPCION) values (16,2,'03S','CAMBIAR ESTADO TARJETA');
Insert into BN_SATE.BNSATE10_PER_PERMISOS (B10_ID_PER,B11_ID_ROL,B10_COD_FUNCIONALIDAD,B10_DESCRIPCION) values (17,2,'04S','BUSCAR TARJETA');
Insert into BN_SATE.BNSATE10_PER_PERMISOS (B10_ID_PER,B11_ID_ROL,B10_COD_FUNCIONALIDAD,B10_DESCRIPCION) values (18,2,'05N','AUTORIZAR TARJETA');
Insert into BN_SATE.BNSATE10_PER_PERMISOS (B10_ID_PER,B11_ID_ROL,B10_COD_FUNCIONALIDAD,B10_DESCRIPCION) values (19,2,'06S','ACCESO CONSULTA');
Insert into BN_SATE.BNSATE10_PER_PERMISOS (B10_ID_PER,B11_ID_ROL,B10_COD_FUNCIONALIDAD,B10_DESCRIPCION) values (20,2,'07S','MOVIMIENTOS DE TARJETA');
Insert into BN_SATE.BNSATE10_PER_PERMISOS (B10_ID_PER,B11_ID_ROL,B10_COD_FUNCIONALIDAD,B10_DESCRIPCION) values (21,2,'08S','RENDICION DE CUENTAS POR TARJETA');
Insert into BN_SATE.BNSATE10_PER_PERMISOS (B10_ID_PER,B11_ID_ROL,B10_COD_FUNCIONALIDAD,B10_DESCRIPCION) values (22,2,'09S','ACCESO REPORTE');
Insert into BN_SATE.BNSATE10_PER_PERMISOS (B10_ID_PER,B11_ID_ROL,B10_COD_FUNCIONALIDAD,B10_DESCRIPCION) values (23,2,'10S','REPORTE_TARJETA');
Insert into BN_SATE.BNSATE10_PER_PERMISOS (B10_ID_PER,B11_ID_ROL,B10_COD_FUNCIONALIDAD,B10_DESCRIPCION) values (24,2,'11S','ACCESO CUENTAS');
Insert into BN_SATE.BNSATE10_PER_PERMISOS (B10_ID_PER,B11_ID_ROL,B10_COD_FUNCIONALIDAD,B10_DESCRIPCION) values (25,2,'12N','CREACION DE USUARIOS Y PERFILES');
Insert into BN_SATE.BNSATE10_PER_PERMISOS (B10_ID_PER,B11_ID_ROL,B10_COD_FUNCIONALIDAD,B10_DESCRIPCION) values (26,2,'13N','MODIFICACION DE PERFILES');
Insert into BN_SATE.BNSATE10_PER_PERMISOS (B10_ID_PER,B11_ID_ROL,B10_COD_FUNCIONALIDAD,B10_DESCRIPCION) values (27,3,'01S','ACCESO OPERACIONES');
Insert into BN_SATE.BNSATE10_PER_PERMISOS (B10_ID_PER,B11_ID_ROL,B10_COD_FUNCIONALIDAD,B10_DESCRIPCION) values (28,3,'02N','SOLICITAR TARJETA');
Insert into BN_SATE.BNSATE10_PER_PERMISOS (B10_ID_PER,B11_ID_ROL,B10_COD_FUNCIONALIDAD,B10_DESCRIPCION) values (29,3,'03S','CAMBIAR ESTADO TARJETA');
Insert into BN_SATE.BNSATE10_PER_PERMISOS (B10_ID_PER,B11_ID_ROL,B10_COD_FUNCIONALIDAD,B10_DESCRIPCION) values (30,3,'04S','BUSCAR TARJETA');
Insert into BN_SATE.BNSATE10_PER_PERMISOS (B10_ID_PER,B11_ID_ROL,B10_COD_FUNCIONALIDAD,B10_DESCRIPCION) values (31,3,'05S','AUTORIZAR TARJETA');
Insert into BN_SATE.BNSATE10_PER_PERMISOS (B10_ID_PER,B11_ID_ROL,B10_COD_FUNCIONALIDAD,B10_DESCRIPCION) values (32,3,'06S','ACCESO CONSULTA');
Insert into BN_SATE.BNSATE10_PER_PERMISOS (B10_ID_PER,B11_ID_ROL,B10_COD_FUNCIONALIDAD,B10_DESCRIPCION) values (33,3,'07S','MOVIMIENTOS DE TARJETA');
Insert into BN_SATE.BNSATE10_PER_PERMISOS (B10_ID_PER,B11_ID_ROL,B10_COD_FUNCIONALIDAD,B10_DESCRIPCION) values (34,3,'08S','RENDICION DE CUENTAS POR TARJETA');
Insert into BN_SATE.BNSATE10_PER_PERMISOS (B10_ID_PER,B11_ID_ROL,B10_COD_FUNCIONALIDAD,B10_DESCRIPCION) values (35,3,'09S','ACCESO REPORTE');
Insert into BN_SATE.BNSATE10_PER_PERMISOS (B10_ID_PER,B11_ID_ROL,B10_COD_FUNCIONALIDAD,B10_DESCRIPCION) values (36,3,'10S','REPORTE_TARJETA');
Insert into BN_SATE.BNSATE10_PER_PERMISOS (B10_ID_PER,B11_ID_ROL,B10_COD_FUNCIONALIDAD,B10_DESCRIPCION) values (37,3,'11S','ACCESO CUENTAS');
Insert into BN_SATE.BNSATE10_PER_PERMISOS (B10_ID_PER,B11_ID_ROL,B10_COD_FUNCIONALIDAD,B10_DESCRIPCION) values (38,3,'12N','CREACION DE USUARIOS Y PERFILES');
Insert into BN_SATE.BNSATE10_PER_PERMISOS (B10_ID_PER,B11_ID_ROL,B10_COD_FUNCIONALIDAD,B10_DESCRIPCION) values (39,3,'13N','MODIFICACION DE PERFILES');
Insert into BN_SATE.BNSATE10_PER_PERMISOS (B10_ID_PER,B11_ID_ROL,B10_COD_FUNCIONALIDAD,B10_DESCRIPCION) values (40,4,'01S','ACCESO OPERACIONES');
Insert into BN_SATE.BNSATE10_PER_PERMISOS (B10_ID_PER,B11_ID_ROL,B10_COD_FUNCIONALIDAD,B10_DESCRIPCION) values (41,4,'02N','SOLICITAR TARJETA');
Insert into BN_SATE.BNSATE10_PER_PERMISOS (B10_ID_PER,B11_ID_ROL,B10_COD_FUNCIONALIDAD,B10_DESCRIPCION) values (42,4,'03S','CAMBIAR ESTADO TARJETA');
Insert into BN_SATE.BNSATE10_PER_PERMISOS (B10_ID_PER,B11_ID_ROL,B10_COD_FUNCIONALIDAD,B10_DESCRIPCION) values (43,4,'04S','BUSCAR TARJETA');
Insert into BN_SATE.BNSATE10_PER_PERMISOS (B10_ID_PER,B11_ID_ROL,B10_COD_FUNCIONALIDAD,B10_DESCRIPCION) values (44,4,'05N','AUTORIZAR TARJETA');
Insert into BN_SATE.BNSATE10_PER_PERMISOS (B10_ID_PER,B11_ID_ROL,B10_COD_FUNCIONALIDAD,B10_DESCRIPCION) values (45,4,'06S','ACCESO CONSULTA');
Insert into BN_SATE.BNSATE10_PER_PERMISOS (B10_ID_PER,B11_ID_ROL,B10_COD_FUNCIONALIDAD,B10_DESCRIPCION) values (46,4,'07S','MOVIMIENTOS DE TARJETA');
Insert into BN_SATE.BNSATE10_PER_PERMISOS (B10_ID_PER,B11_ID_ROL,B10_COD_FUNCIONALIDAD,B10_DESCRIPCION) values (47,4,'08S','RENDICION DE CUENTAS POR TARJETA');
Insert into BN_SATE.BNSATE10_PER_PERMISOS (B10_ID_PER,B11_ID_ROL,B10_COD_FUNCIONALIDAD,B10_DESCRIPCION) values (48,4,'09N','ACCESO REPORTE');
Insert into BN_SATE.BNSATE10_PER_PERMISOS (B10_ID_PER,B11_ID_ROL,B10_COD_FUNCIONALIDAD,B10_DESCRIPCION) values (49,4,'10S','REPORTE_TARJETA');
Insert into BN_SATE.BNSATE10_PER_PERMISOS (B10_ID_PER,B11_ID_ROL,B10_COD_FUNCIONALIDAD,B10_DESCRIPCION) values (50,4,'11S','ACCESO CUENTAS');
Insert into BN_SATE.BNSATE10_PER_PERMISOS (B10_ID_PER,B11_ID_ROL,B10_COD_FUNCIONALIDAD,B10_DESCRIPCION) values (51,4,'12N','CREACION DE USUARIOS Y PERFILES');
Insert into BN_SATE.BNSATE10_PER_PERMISOS (B10_ID_PER,B11_ID_ROL,B10_COD_FUNCIONALIDAD,B10_DESCRIPCION) values (52,4,'13N','MODIFICACION DE PERFILES');
Insert into BN_SATE.BNSATE10_PER_PERMISOS (B10_ID_PER,B11_ID_ROL,B10_COD_FUNCIONALIDAD,B10_DESCRIPCION) values (67,1,'14S','ACTUALIZAR DATOS DE USUARIO');
